layer,trait,weight,occurrence,ratio
Divinity,Aje,1,425,3.60
Divinity,Allat,1,421,3.56
Divinity,Asherah,1,414,3.50
Divinity,Bastet,1,426,3.61
Divinity,Caishen,1,446,3.78
Divinity,Cernunnos,1,454,3.84
Divinity,Chrysus,1,458,3.88
Divinity,Crom_cruach,1,428,3.62
Divinity,Dagon,1,390,3.30
Divinity,Dumuzi,1,422,3.57
Divinity,Ebisu,1,381,3.23
Divinity,Freyr,1,431,3.65
Divinity,Ganesha,1,429,3.63
Divinity,Gefion,1,422,3.57
Divinity,Granny_mago,1,385,3.26
Divinity,Horus,1,394,3.34
Divinity,Kubera,1,397,3.36
Divinity,Lakshmi,1,434,3.67
Divinity,Mara,1,455,3.85
Divinity,Morrigan,1,471,3.99
Divinity,Nang_kwak,1,436,3.69
Divinity,Ninhursag,1,452,3.83
Divinity,Nosolus,1,406,3.44
Divinity,Oshun,1,389,3.29
Divinity,Plutus,1,431,3.65
Divinity,Ptah,1,417,3.53
Divinity,Quetzalcoatl,1,397,3.36
Divinity,Teutates,1,401,3.39
layer,trait,weight,occurrence,ratio
Background,01am,88,175,1.48
Background,01pm,124,374,3.17
Background,01pm_smog,88,189,1.60
Background,02am,69,151,1.28
Background,02pm,230,500,4.23
Background,02pm_rain,120,252,2.13
Background,03am,98,222,1.88
Background,03am_snow,120,243,2.06
Background,03pm,360,775,6.56
Background,04am,184,332,2.81
Background,04pm,360,706,5.98
Background,04pm_rain,140,265,2.24
Background,05am,284,585,4.95
Background,05pm,186,379,3.21
Background,06am,248,553,4.68
Background,06pm,160,442,3.74
Background,07am,330,667,5.65
Background,07pm,214,392,3.32
Background,08am,336,684,5.79
Background,08pm,148,238,2.01
Background,09am,268,575,4.87
Background,09pm,180,307,2.60
Background,10am,268,554,4.69
Background,10pm,330,619,5.24
Background,11am,248,483,4.09
Background,11pm,68,140,1.19
Background,12am,112,199,1.68
Background,12am_rain,84,165,1.40
Background,12am_snow,120,224,1.90
Background,12pm,212,422,3.57
layer,trait,weight,occurrence,ratio
Sign,8Bit,40,57,0.48
Sign,Ace_clover,20,31,0.26
Sign,Ace_dia,20,25,0.21
Sign,Ace_spade,20,22,0.19
Sign,Asterisk_v1,20,31,0.26
Sign,Asterisk_v2,20,37,0.31
Sign,Asterisk_v3,20,31,0.26
Sign,Asterism_v1,20,26,0.22
Sign,Asterism_v2,20,29,0.25
Sign,Bling_stars1,30,38,0.32
Sign,Bling_stars2,30,44,0.37
Sign,Cider_bubble,35,39,0.33
Sign,Cloud_v1,15,29,0.25
Sign,Cloud_v2,15,33,0.28
Sign,CMC_v1,20,23,0.19
Sign,CMC_v2,20,22,0.19
Sign,CMC_v3,20,27,0.23
Sign,Coin_drops,25,49,0.41
Sign,Diameter_v1,20,36,0.30
Sign,Diameter_v2,20,28,0.24
Sign,Fury1,40,43,0.36
Sign,Fury2,40,51,0.43
Sign,Fury3,40,68,0.58
Sign,Fury4,40,54,0.46
Sign,Group_chat_v1,25,29,0.25
Sign,Group_chat_v2,25,32,0.27
Sign,Hammer,30,36,0.30
Sign,Happy_sad,10,17,0.14
Sign,J_mountain_v1,15,31,0.26
Sign,J_mountain_v2,15,25,0.21
Sign,J_mountain_v3,15,26,0.22
Sign,J_mountain_v4,15,18,0.15
Sign,Light_down_01,50,76,0.64
Sign,Light_down_02,50,84,0.71
Sign,Light_down_03,50,83,0.70
Sign,Light_up_01,40,58,0.49
Sign,Light_up_02,40,58,0.49
Sign,Light_up_03,40,60,0.51
Sign,Mahjong_dots3,35,59,0.50
Sign,Mahjong_dots4,35,53,0.45
Sign,Mahjong_dots6,35,35,0.30
Sign,Mahjong_dots9,35,44,0.37
Sign,Melting_cat_v1,15,14,0.12
Sign,Melting_cat_v2,15,22,0.19
Sign,Meow1,20,34,0.29
Sign,Meow10,20,33,0.28
Sign,Meow11,20,33,0.28
Sign,Meow12,20,25,0.21
Sign,Meow13,20,34,0.29
Sign,Meow2,20,30,0.25
Sign,Meow3,20,37,0.31
Sign,Meow4,20,17,0.14
Sign,Meow6,20,33,0.28
Sign,Meow7,20,37,0.31
Sign,Meow8,20,40,0.34
Sign,Meow9,20,38,0.32
Sign,Mini_hearts,20,32,0.27
Sign,none,6000,0,0.00
Sign,Oura_wht,25,41,0.35
Sign,Piercing_line,20,25,0.21
Sign,Plus1,40,49,0.41
Sign,Plus2,40,53,0.45
Sign,Plus_minus_v1,20,30,0.25
Sign,Plus_minus_v2,20,27,0.23
Sign,Plus_minus_v3,20,28,0.24
Sign,Plus_minus_v4,20,32,0.27
Sign,Pollock_v1,15,28,0.24
Sign,Pollock_v2,15,21,0.18
Sign,Rocket_science1,20,36,0.30
Sign,Rocket_science2,20,27,0.23
Sign,Saint,30,42,0.36
Sign,Saint_v2,30,39,0.33
Sign,Semicolon_v1,20,32,0.27
Sign,Semicolon_v2,20,47,0.40
Sign,Shock_v1,30,31,0.26
Sign,Shock_v2,30,51,0.43
Sign,Shooting_star,20,21,0.18
Sign,Spray_v1,25,38,0.32
Sign,Sunny1,15,24,0.20
Sign,Tears1,60,61,0.52
layer,trait,weight,occurrence,ratio
Fur,Black,350,233,1.97
Fur,Black_headwear,400,358,3.03
Fur,Blue,350,247,2.09
Fur,Blue_headwear,500,457,3.87
Fur,Butter,300,187,1.58
Fur,Butter_headwear,300,282,2.39
Fur,Chocolate,250,146,1.24
Fur,Chocolate_headwear,250,300,2.54
Fur,Cinnamon,700,518,4.39
Fur,Cinnamon_headwear,500,530,4.49
Fur,Cobalt,100,59,0.50
Fur,Cobalt_headwear,300,240,2.03
Fur,Cream,700,465,3.94
Fur,Cream_headwear,500,479,4.06
Fur,Crocodile,100,77,0.65
Fur,Crocodile_headwear,300,275,2.33
Fur,Fawn,700,539,4.56
Fur,Fawn_headwear,500,476,4.03
Fur,Flamingo,100,70,0.59
Fur,Flamingo_headwear,300,282,2.39
Fur,Grey,700,518,4.39
Fur,Grey_headwear,500,483,4.09
Fur,Indigo,250,147,1.24
Fur,Indigo_headwear,300,258,2.18
Fur,Lavender,700,454,3.84
Fur,Lavender_headwear,550,499,4.22
Fur,Lilac,500,375,3.17
Fur,Lilac_headwear,550,517,4.38
Fur,Olive,300,220,1.86
Fur,Olive_headwear,500,487,4.12
Fur,Snow,250,145,1.23
Fur,Snow_headwear,300,270,2.29
Fur,Violet,300,177,1.50
Fur,Violet_headwear,350,278,2.35
Fur,White,500,283,2.40
Fur,White_headwear,550,481,4.07
layer,trait,weight,occurrence,ratio
Tabby,All_is_one,55,62,0.52
Tabby,A_quote,35,41,0.35
Tabby,Bandaid_body,50,69,0.58
Tabby,Bandaid_chin_neon,50,46,0.39
Tabby,Bandaid_chin_pink_r,50,39,0.33
Tabby,Bandaid_chin_r,50,56,0.47
Tabby,Bandaid_forehead,50,62,0.52
Tabby,Bandaid_forehead_l,50,60,0.51
Tabby,Bandaid_forehead_neon,50,44,0.37
Tabby,Bandaid_forehead_neon_l,50,57,0.48
Tabby,Bandaid_forehead_neon_r,50,37,0.31
Tabby,Bandaid_forehead_pink,50,40,0.34
Tabby,Bandaid_forehead_r,50,83,0.70
Tabby,Bandaid_forehead_yellow,50,49,0.41
Tabby,Bandaid_full,50,67,0.57
Tabby,Bandaid_full_blk,50,51,0.43
Tabby,Bandaid_full_pink,50,53,0.45
Tabby,Bandaid_head,50,72,0.61
Tabby,Bandaid_neck,50,58,0.49
Tabby,Bandaid_neck2,50,47,0.40
Tabby,Bandaid_neck_blk,50,48,0.41
Tabby,Bandaid_neck_pink,50,41,0.35
Tabby,Bandaid_tail,50,38,0.32
Tabby,Bandaid_tail_blk,50,43,0.36
Tabby,Bandaid_tail_neon,50,44,0.37
Tabby,Bengal_gold,25,19,0.16
Tabby,Bengal_mud,25,23,0.19
Tabby,Bengal_silver,25,29,0.25
Tabby,Bighouse_doodle02,30,35,0.30
Tabby,Bighouse_doodle03,30,33,0.28
Tabby,Bighouse_doodle06,30,28,0.24
Tabby,Bighouse_doodle07,30,31,0.26
Tabby,Bighouse_doodle08,30,38,0.32
Tabby,Bighouse_doodle09,30,39,0.33
Tabby,Bighouse_doodle10,30,27,0.23
Tabby,Bighouse_doodle11,30,37,0.31
Tabby,Bighouse_doodles01,30,48,0.41
Tabby,Bighouse_doodles12,30,31,0.26
Tabby,Bighouse_doodles13,30,41,0.35
Tabby,Bighouse_doodles14,30,41,0.35
Tabby,Bighouse_doodles15,30,28,0.24
Tabby,Bighouse_doodles16,30,35,0.30
Tabby,Bighouse_doodles17,30,30,0.25
Tabby,Bighouse_doodles18,30,40,0.34
Tabby,Bighouse_doodles19,30,35,0.30
Tabby,Bighouse_doodles20,30,34,0.29
Tabby,Bighouse_doodles21,30,30,0.25
Tabby,Bighouse_doodles22,30,37,0.31
Tabby,Bighouse_doodles23,30,33,0.28
Tabby,Bighouse_yakuza1,30,37,0.31
Tabby,Bindi_citrine,60,73,0.62
Tabby,Bindi_emerald,60,62,0.52
Tabby,Bindi_onyx,60,77,0.65
Tabby,Bindi_opal,60,62,0.52
Tabby,Bindi_ruby,60,57,0.48
Tabby,Bindi_sapphire,60,75,0.63
Tabby,Black,20,23,0.19
Tabby,Black_accent,20,33,0.28
Tabby,Black_skin,20,27,0.23
Tabby,Blue,30,32,0.27
Tabby,Blue_skin,30,24,0.20
Tabby,Buy_low_sell_high,30,38,0.32
Tabby,Camo_metro,30,32,0.27
Tabby,Camo_rain,30,32,0.27
Tabby,Camo_sand,30,38,0.32
Tabby,Circuit,40,43,0.36
Tabby,Classic_black,30,31,0.26
Tabby,Classic_butter,30,31,0.26
Tabby,Classic_cream,30,22,0.19
Tabby,Classic_fawn,30,45,0.38
Tabby,Classic_fawn_smoke,30,32,0.27
Tabby,Classic_snow,30,41,0.35
Tabby,Crayon_beast,20,14,0.12
Tabby,Disco_aqua,25,17,0.14
Tabby,Disco_rose,25,32,0.27
Tabby,Disco_silver,25,27,0.23
Tabby,Disco_wine,25,25,0.21
Tabby,Dots_black,35,34,0.29
Tabby,Dots_indigo,35,44,0.37
Tabby,Dots_white,35,34,0.29
Tabby,Fawn,25,29,0.25
Tabby,Fawn_accent,25,34,0.29
Tabby,Fawn_skin,25,32,0.27
Tabby,Fever_delta,40,44,0.37
Tabby,Fever_mu,40,44,0.37
Tabby,Fever_nu,40,41,0.35
Tabby,Fever_xi,40,41,0.35
Tabby,Flamingo,20,23,0.19
Tabby,Flamingo_skin,20,19,0.16
Tabby,Futura,30,36,0.30
Tabby,Hornet_honey,15,13,0.11
Tabby,Hornet_snow,15,11,0.09
Tabby,infection_air_dragon,44,56,0.47
Tabby,infection_earth_dragon,30,37,0.31
Tabby,infection_fire_dragon,58,56,0.47
Tabby,infection_water_dragon,48,48,0.41
Tabby,Ink_beast,25,19,0.16
Tabby,Ink_phantom,25,33,0.28
Tabby,Lab_breaker_blue,25,32,0.27
Tabby,Lab_breaker_fawn,25,36,0.30
Tabby,Lilac,20,19,0.16
Tabby,Lilac_skin,20,23,0.19
Tabby,Mackerel_cream,35,40,0.34
Tabby,Mackerel_grey,35,48,0.41
Tabby,Mark_v_beige,40,37,0.31
Tabby,Mark_v_grey,40,48,0.41
Tabby,Metro,25,29,0.25
Tabby,Metro_direction,25,33,0.28
Tabby,Milk_beast,30,37,0.31
Tabby,Milk_v1,30,40,0.34
Tabby,Mini_diamonds,35,34,0.29
Tabby,Mini_hearts,35,49,0.41
Tabby,Mist,40,49,0.41
Tabby,Mud,35,40,0.34
Tabby,Mud_wet,35,47,0.40
Tabby,Muzzle_blk,25,26,0.22
Tabby,Muzzle_blue,25,38,0.32
Tabby,Muzzle_butter,25,42,0.36
Tabby,Muzzle_chocolate,25,31,0.26
Tabby,Muzzle_cinnamon,25,34,0.29
Tabby,Muzzle_cobalt,25,31,0.26
Tabby,Muzzle_cream,25,35,0.30
Tabby,Muzzle_crocodile,25,26,0.22
Tabby,Muzzle_fawn,25,28,0.24
Tabby,Muzzle_flamingo,25,29,0.25
Tabby,Muzzle_grey,25,20,0.17
Tabby,Muzzle_indigo,25,22,0.19
Tabby,Muzzle_lavender,25,33,0.28
Tabby,Muzzle_lilac,25,32,0.27
Tabby,Muzzle_olive,25,29,0.25
Tabby,Muzzle_snow,25,25,0.21
Tabby,Muzzle_violet,25,19,0.16
Tabby,Muzzle_wht,25,29,0.25
Tabby,none,4000,0,0.00
Tabby,Nose_blk,30,27,0.23
Tabby,Nose_blue,30,37,0.31
Tabby,Nose_butter,30,41,0.35
Tabby,Nose_chocolate,30,27,0.23
Tabby,Nose_cinnamon,30,44,0.37
Tabby,Nose_cobalt,30,33,0.28
Tabby,Nose_cream,30,33,0.28
Tabby,Nose_crocodile,30,31,0.26
Tabby,Nose_fawn,30,26,0.22
Tabby,Nose_flamingo,30,28,0.24
Tabby,Nose_grey,30,40,0.34
Tabby,Nose_indigo,30,30,0.25
Tabby,Nose_lavender,30,30,0.25
Tabby,Nose_lilac,30,45,0.38
Tabby,Nose_olive,30,39,0.33
Tabby,Nose_snow,30,31,0.26
Tabby,Nose_violet,30,41,0.35
Tabby,Nose_wht,30,41,0.35
Tabby,Olive,20,25,0.21
Tabby,Olive_skin,20,32,0.27
Tabby,Panda_blk,30,29,0.25
Tabby,Panda_wht,30,36,0.30
Tabby,Point_cave,30,34,0.29
Tabby,Point_milk,30,47,0.40
Tabby,Point_moth,30,22,0.19
Tabby,Point_pink,30,33,0.28
Tabby,Point_snow,30,32,0.27
Tabby,Point_yellow,30,36,0.30
Tabby,Pollock,30,42,0.36
Tabby,Shiver1,35,45,0.38
Tabby,Silky_dawn,35,28,0.24
Tabby,Silky_dusk,35,44,0.37
Tabby,Snakescale_green,35,39,0.33
Tabby,Snakescale_orange,35,42,0.36
Tabby,Snout_blk,30,37,0.31
Tabby,Snout_blue,30,39,0.33
Tabby,Snout_butter,30,25,0.21
Tabby,Snout_chocolate,30,25,0.21
Tabby,Snout_cinnamon,30,40,0.34
Tabby,Snout_cobalt,30,36,0.30
Tabby,Snout_cream,30,32,0.27
Tabby,Snout_crocodile,30,21,0.18
Tabby,Snout_fawn,30,32,0.27
Tabby,Snout_flamingo,30,33,0.28
Tabby,Snout_grey,30,34,0.29
Tabby,Snout_indigo,30,38,0.32
Tabby,Snout_lavender,30,32,0.27
Tabby,Snout_lilac,30,26,0.22
Tabby,Snout_olive,30,29,0.25
Tabby,Snout_snow,30,39,0.33
Tabby,Snout_violet,30,21,0.18
Tabby,Snout_wht,30,37,0.31
Tabby,Striped_blk,40,56,0.47
Tabby,Terrain_ice,35,47,0.40
Tabby,Terrain_mudhill,35,30,0.25
Tabby,Terrain_oak,35,46,0.39
Tabby,Terrain_orangehill,35,23,0.19
Tabby,Tribe,30,47,0.40
Tabby,V_forever,40,48,0.41
Tabby,Whip_cream,30,29,0.25
Tabby,White,25,32,0.27
Tabby,White_accent,25,37,0.31
layer,trait,weight,occurrence,ratio
Headwear,Arming_cap_commander,38,25,0.21
Headwear,Arming_cap_medic,35,30,0.25
Headwear,Arming_cap_sniper,32,15,0.13
Headwear,Bandage_ears,29,113,0.96
Headwear,Bandage_ear_l,46,34,0.29
Headwear,Bandage_ear_r,54,39,0.33
Headwear,Beanie_blk,63,45,0.38
Headwear,Beanie_blue,68,172,1.46
Headwear,Beanie_brown,64,46,0.39
Headwear,Beanie_grey,84,199,1.68
Headwear,Beanie_neon,54,36,0.30
Headwear,Beanie_orange,36,107,0.91
Headwear,Beanie_peach,42,109,0.92
Headwear,Beanie_pine,39,125,1.06
Headwear,Beanie_wht,69,58,0.49
Headwear,Beanie_yellow,49,138,1.17
Headwear,Bear_hunting_cap,54,109,0.92
Headwear,Beret_blue,18,41,0.35
Headwear,Beret_green,17,44,0.37
Headwear,Beret_red,22,41,0.35
Headwear,Beret_wht,25,67,0.57
Headwear,Bicorn_blk,66,173,1.46
Headwear,Bicorn_blue,59,142,1.20
Headwear,Bucket_hat_grey,54,23,0.19
Headwear,Bucket_hat_neon,48,29,0.25
Headwear,Bucket_hat_shroom,52,17,0.14
Headwear,Cable,38,37,0.31
Headwear,Crypters_blue,39,24,0.20
Headwear,Crypters_green,39,33,0.28
Headwear,Crypters_orange,39,31,0.26
Headwear,Crypters_silver,31,21,0.18
Headwear,Cyborg_bang_blue,26,62,0.52
Headwear,Cyborg_bang_green,22,58,0.49
Headwear,Cyborg_bang_pink,14,25,0.21
Headwear,Cyborg_bang_white,16,40,0.34
Headwear,Devil_horn,36,111,0.94
Headwear,Diablo,36,36,0.30
Headwear,Earclips_inner_red,34,23,0.19
Headwear,Earclips_outter_red,48,21,0.18
Headwear,Earclip_inner_r_carbon,48,32,0.27
Headwear,Earclip_inner_r_gold,46,35,0.30
Headwear,Earclip_inner_r_silver,42,28,0.24
Headwear,Earplugs_carbon,58,33,0.28
Headwear,Earplugs_red,48,31,0.26
Headwear,Earplugs_silver,68,36,0.30
Headwear,Egg,42,32,0.27
Headwear,Egg_hatched,14,13,0.11
Headwear,Egg_hatched_head,48,20,0.17
Headwear,Egg_snake,48,21,0.18
Headwear,ETH_head,36,21,0.18
Headwear,E_frog_green,26,116,0.98
Headwear,E_frog_pink,31,108,0.91
Headwear,E_frog_purple,26,70,0.59
Headwear,Fiat_head,33,26,0.22
Headwear,Gat,39,113,0.96
Headwear,Gat_funeral,39,100,0.85
Headwear,Granny_perm,24,65,0.55
Headwear,Headband_bW,33,31,0.26
Headwear,Headband_bY,33,21,0.18
Headwear,Headband_gW,48,28,0.24
Headwear,Headband_rW,33,20,0.17
Headwear,Headband_wB,33,24,0.20
Headwear,Hennin_black_flattop,24,56,0.47
Headwear,Hennin_blue_cmc,18,51,0.43
Headwear,Hennin_gold_royal,14,36,0.30
Headwear,Hennin_honey,28,86,0.73
Headwear,Hennin_horned,21,68,0.58
Headwear,Hennin_white_cmc,21,47,0.40
Headwear,Heresy_tonsure_green,12,27,0.23
Headwear,Heresy_tonsure_orange,12,27,0.23
Headwear,Heresy_tonsure_wine,21,59,0.50
Headwear,Horn_unicorn,36,30,0.25
Headwear,Implants_2horns,48,31,0.26
Headwear,Implants_bolts_outter,42,21,0.18
Headwear,Implants_diablo_outter,46,28,0.24
Headwear,Implants_full_bolts,46,34,0.29
Headwear,Implants_horns,42,23,0.19
Headwear,Implants_l2_booster,24,14,0.12
Headwear,Implants_nRG_booster,44,26,0.22
Headwear,Implants_outter_horns,59,38,0.32
Headwear,Implants_plate,42,31,0.26
Headwear,Implants_side_horns,58,39,0.33
Headwear,Jumpy,36,23,0.19
Headwear,Life_bar_danger,31,20,0.17
Headwear,Life_bar_full,36,26,0.22
Headwear,Life_bar_low,36,27,0.23
Headwear,M1_medic,48,19,0.16
Headwear,M1_smile,39,28,0.24
Headwear,M1_topcat,38,29,0.25
Headwear,Metropolice,66,176,1.49
Headwear,Milk_nonFat,46,18,0.15
Headwear,Milk_strawberry,64,30,0.25
Headwear,Mohawk_blk,36,26,0.22
Headwear,Mohawk_diablo,31,18,0.15
Headwear,Mohawk_punk_gold,38,31,0.26
Headwear,Mohawk_punk_neon,36,26,0.22
Headwear,Mohawk_punk_pink,38,27,0.23
Headwear,Mohawk_punk_red,28,6,0.05
Headwear,Mohawk_wht,36,27,0.23
Headwear,Moto_helmet_blk,33,22,0.19
Headwear,Moto_helmet_wht,56,30,0.25
Headwear,Moto_helmet_yellow,36,15,0.13
Headwear,Ninja_scarf_green,59,170,1.44
Headwear,Ninja_scarf_pink,36,107,0.91
Headwear,Ninja_scarf_yellow,39,132,1.12
Headwear,Nomad_wig,16,5,0.04
Headwear,Nomad_wig_silver,28,19,0.16
Headwear,none,4400,0,0.00
Headwear,Party_cap,38,78,0.66
Headwear,Party_cap_green,36,73,0.62
Headwear,Party_cap_yellow,42,80,0.68
Headwear,Pedora_black_l,62,157,1.33
Headwear,Pedora_brown_elf,38,22,0.19
Headwear,Pedora_brown_l,88,228,1.93
Headwear,Pedora_brown_s,36,115,0.97
Headwear,Pedora_green_elf,48,23,0.19
Headwear,Pedora_green_s,39,121,1.02
Headwear,Pedora_grey_s,36,117,0.99
Headwear,Pedora_white_l,66,173,1.46
Headwear,Pimp_gold,38,22,0.19
Headwear,Pointy_hat_brown,21,68,0.58
Headwear,Pointy_hat_eggs,21,44,0.37
Headwear,Pointy_hat_grey,21,46,0.39
Headwear,Pointy_hat_nest,11,33,0.28
Headwear,Pointy_hat_purple,23,60,0.51
Headwear,Pointy_hat_snake,16,37,0.31
Headwear,Pointy_hat_snake_eggs,18,45,0.38
Headwear,Prayer_cap_blk,18,48,0.41
Headwear,Prayer_cap_coffee,21,61,0.52
Headwear,Prayer_cap_green,14,32,0.27
Headwear,Prayer_cap_wht,22,51,0.43
Headwear,Satoshi_head,36,25,0.21
Headwear,Sayonara_kitty_acid,39,120,1.02
Headwear,Sayonara_kitty_blue,31,81,0.69
Headwear,Sayonara_kitty_grey,24,61,0.52
Headwear,Sayonara_kitty_white,22,67,0.57
Headwear,Snapback_blue,46,30,0.25
Headwear,Snapback_grey,46,18,0.15
Headwear,Tonsure_blond,18,41,0.35
Headwear,Tonsure_brown,11,28,0.24
Headwear,Tonsure_wht,14,45,0.38
Headwear,Tophat_black,32,79,0.67
Headwear,Tophat_magician,24,70,0.59
Headwear,Toyhat_,39,106,0.90
Headwear,Toyhat_monster,46,115,0.97
Headwear,Toyhat_skull,48,104,0.88
Headwear,Traffic_cone_blue,24,72,0.61
Headwear,Traffic_cone_green,22,65,0.55
Headwear,Traffic_cone_ornage,28,62,0.52
Headwear,Traffic_cone_purple,21,58,0.49
Headwear,Tricorn,21,55,0.47
Headwear,Tricorn_leather,24,59,0.50
Headwear,Trucker_black,58,159,1.35
Headwear,Trucker_red,44,105,0.89
Headwear,Trucker_yellow,48,109,0.92
Headwear,Turban_green,15,32,0.27
Headwear,Turban_orange,11,34,0.29
Headwear,Turban_purple,12,23,0.19
Headwear,Turban_yellow,16,45,0.38
Headwear,Viking,36,20,0.17
Headwear,Wispy,26,12,0.10
Headwear,Wispy_leeloo,16,10,0.08
Headwear,Wispy_mint,14,8,0.07
layer,trait,weight,occurrence,ratio
Clothing,2faces_blk_leather,28,34,0.29
Clothing,2faces_grey_ribbon,21,19,0.16
Clothing,2faces_leather,28,23,0.19
Clothing,2faces_wht_tactical,26,19,0.16
Clothing,2face_blk,24,27,0.23
Clothing,2face_blk_headphones_blk,21,18,0.15
Clothing,2face_blk_headphones_pink,21,17,0.14
Clothing,2face_grey,31,30,0.25
Clothing,2face_headphones_blk,21,22,0.19
Clothing,2face_headphones_pink,24,22,0.19
Clothing,2face_wht,42,40,0.34
Clothing,Acid_raincoat,36,40,0.34
Clothing,Acid_snowcoat,33,39,0.33
Clothing,Activist,36,39,0.33
Clothing,Activist_chaser,36,20,0.17
Clothing,Adventure_cape_ash,36,32,0.27
Clothing,Adventure_cape_snow,48,60,0.51
Clothing,AircatT_bandage,12,16,0.14
Clothing,AircatT_blue,25,24,0.20
Clothing,AircatT_grey,29,33,0.28
Clothing,AircatT_headphones,22,22,0.19
Clothing,AircatT_pink,14,23,0.19
Clothing,AircatT_pink_headphones,23,24,0.20
Clothing,AircatT_wht,11,16,0.14
Clothing,AircatT_wht_scarf_camo,14,15,0.13
Clothing,Altcoin_inspector,68,62,0.52
Clothing,Ambushied,12,14,0.12
Clothing,Apron_referee,31,26,0.22
Clothing,Apron_tuxedo_blk,36,23,0.19
Clothing,Apron_tuxedo_gold,31,32,0.27
Clothing,Arriviste_blazer,31,35,0.30
Clothing,AZ_prime,31,34,0.29
Clothing,Bachelor_blazer_vneck,35,39,0.33
Clothing,Bachelor_formal,31,39,0.33
Clothing,Be_kind,31,33,0.28
Clothing,Blk_strap_blue_scarf,38,25,0.21
Clothing,Bone_pink_nomad,28,33,0.28
Clothing,Bone_sleeve_olive,26,19,0.16
Clothing,Bone_sleeve_olive_bowtie_yellow,24,19,0.16
Clothing,Bone_sleeve_olive_choker,14,12,0.10
Clothing,Bone_sleeve_olive_dragon_collar,21,19,0.16
Clothing,Bone_sleeve_pink,31,17,0.14
Clothing,Bone_sleeve_pink_bowtie_red,28,34,0.29
Clothing,Bone_sleeve_pink_strap_blk,22,27,0.23
Clothing,CamoT,24,34,0.29
Clothing,CamoT_scarf_camo,48,55,0.47
Clothing,Cardboard,31,27,0.23
Clothing,Cardboard_nomad,21,10,0.08
Clothing,Cardboard_tRY,31,32,0.27
Clothing,Cardboard_tuxedo,21,20,0.17
Clothing,Cardigan_berry_hemp_grey,24,11,0.09
Clothing,Cardigan_berry_hemp_wht,31,24,0.20
Clothing,Cardigan_choco,25,33,0.28
Clothing,Cardigan_choco_hemp_grey,28,25,0.21
Clothing,Cardigan_cream,43,41,0.35
Clothing,Cardigan_cream_hemp_grey,34,30,0.25
Clothing,Cardigan_hemp_blue,18,25,0.21
Clothing,Cardigan_mint_hemp_grey,15,15,0.13
Clothing,Catastrophic_pink,22,21,0.18
Clothing,Catastrophic_wht,18,17,0.14
Clothing,Censored,39,30,0.25
Clothing,Censored_v1,28,22,0.19
Clothing,Censored_v2,33,18,0.15
Clothing,Coin_rodeo_blue,42,48,0.41
Clothing,Coin_rodeo_wht,36,49,0.41
Clothing,Cold_wallet_blk,24,26,0.22
Clothing,Cold_wallet_green,33,29,0.25
Clothing,Cold_wallet_red,43,47,0.40
Clothing,Darth_trader,36,39,0.33
Clothing,Darth_trader_general,36,34,0.29
Clothing,Deathpool,31,31,0.26
Clothing,Deathpool_snow,39,40,0.34
Clothing,Detective_apron_gold,36,49,0.41
Clothing,Detective_bandage,31,35,0.30
Clothing,Detective_blk,34,31,0.26
Clothing,Detective_blk_apron_gold,36,38,0.32
Clothing,Detective_blk_holster,36,31,0.26
Clothing,Detective_blk_msgbag_green,21,15,0.13
Clothing,Detective_blk_msgbag_purple,24,18,0.15
Clothing,Detective_blk_msgbag_wht,21,24,0.20
Clothing,Detective_blk_tactical,24,53,0.45
Clothing,Detective_blk_tactical,25,53,0.45
Clothing,Detective_blue_msgbag_blk,11,17,0.14
Clothing,Detective_bowtie_wht,31,30,0.25
Clothing,Detective_bowtie_yellow,33,24,0.20
Clothing,Detective_glowstick,31,25,0.21
Clothing,Detective_hoster,26,29,0.25
Clothing,Detective_suit,33,31,0.26
Clothing,Detective_suit_glowstick,39,36,0.30
Clothing,Dj_blazer,34,51,0.43
Clothing,Dj_shirts,34,36,0.30
Clothing,Dotted_blazer,64,67,0.57
Clothing,Dot_cape,38,33,0.28
Clothing,Dragon_jumpsuit,26,34,0.29
Clothing,Dragon_jumpsuit_Z,26,22,0.19
Clothing,D_shirts_blue,76,81,0.69
Clothing,D_shirts_grey,76,88,0.75
Clothing,D_shirts_pink,31,37,0.31
Clothing,D_shirts_wht,66,69,0.58
Clothing,Elf_cape_green,64,66,0.56
Clothing,Errand_cape_ash,31,23,0.19
Clothing,Errand_cape_snow,28,32,0.27
Clothing,Fanatic_l1,31,30,0.25
Clothing,Fanatic_l2,38,37,0.31
Clothing,Fishing_coat,42,30,0.25
Clothing,Gambling_jacket,74,82,0.69
Clothing,Goldchain_blue_scarf,23,31,0.26
Clothing,Goldchain_peach_scarf,33,35,0.30
Clothing,Goldchain_tuxedo_gold,26,23,0.19
Clothing,Goldchain_white_scarf,22,27,0.23
Clothing,Goldchain_wrap_camo_scarf,22,18,0.15
Clothing,Greco_roman_blk,31,33,0.28
Clothing,Greco_roman_blue,34,32,0.27
Clothing,Greco_roman_glowstick,28,17,0.14
Clothing,Greco_roman_headphones,31,38,0.32
Clothing,Greco_roman_yellow,24,15,0.13
Clothing,High_priest_kraken,46,51,0.43
Clothing,High_priest_timber_green,36,55,0.47
Clothing,Holiday_capelet,34,34,0.29
Clothing,Honey_thief,1,3,0.03
Clothing,Hoodie_blk,49,61,0.52
Clothing,Hoodie_glowstick,25,31,0.26
Clothing,Hoodie_pink_glowstick,28,29,0.25
Clothing,Hunting_jacket,62,63,0.53
Clothing,Industrial_capelet,24,22,0.19
Clothing,Industrial_vest,38,45,0.38
Clothing,JPEG,31,30,0.25
Clothing,Jumper_blk,36,28,0.24
Clothing,Jumper_blue,48,38,0.32
Clothing,Jumper_cold_wallet_blk,26,32,0.27
Clothing,Jumper_cold_wallet_red,18,14,0.12
Clothing,Jumper_green,24,12,0.10
Clothing,Jumper_red,38,34,0.29
Clothing,Kimono,28,27,0.23
Clothing,Kimono_cmc,28,34,0.29
Clothing,Kittens_play,34,30,0.25
Clothing,L1_inspector,86,91,0.77
Clothing,L2_inspector,82,77,0.65
Clothing,LogoT_blk,42,40,0.34
Clothing,LogoT_blk_apron_smile,38,39,0.33
Clothing,LogoT_blk_apron_toxic,24,27,0.23
Clothing,LogoT_blk_chain_gold,24,17,0.14
Clothing,LogoT_blk_headphones,28,38,0.32
Clothing,LogoT_blk_scarf_camo,26,23,0.19
Clothing,LogoT_blk_scarf_ghost,35,31,0.26
Clothing,LogoT_blk_scarf_skull,35,40,0.34
Clothing,LogoT_blk_scarf_smile,25,21,0.18
Clothing,LogoT_blk_scarf_yellow,35,38,0.32
Clothing,LogoT_blk_strap,28,34,0.29
Clothing,LogoT_blk_strap_red,24,21,0.18
Clothing,LogoT_blk_strap_wht,36,33,0.28
Clothing,LogoT_chain_gold,24,22,0.19
Clothing,LogoT_dogllar,24,34,0.29
Clothing,LogoT_strap_blk,36,29,0.25
Clothing,LogoT_strap_red,28,23,0.19
Clothing,LogoT_strap_wht,26,27,0.23
Clothing,LogoT_tactical,23,20,0.17
Clothing,LogoT_wht,42,34,0.29
Clothing,LogoT_wht_apron_smile,24,26,0.22
Clothing,LogoT_wht_scarf_camo,35,41,0.35
Clothing,LogoT_wht_scarf_skull,25,28,0.24
Clothing,LogoT_wht_scarf_yellow,25,21,0.18
Clothing,Long_sleeve_tactical,34,27,0.23
Clothing,Lumberjack_blue,36,32,0.27
Clothing,Lumberjack_green,38,38,0.32
Clothing,Lumberjack_orange,39,48,0.41
Clothing,Lumberjack_yellow,26,32,0.27
Clothing,Moto_jacket_blk_choker,24,33,0.28
Clothing,Moto_jacket_green,36,35,0.30
Clothing,Moto_jacket_green_choker,21,28,0.24
Clothing,Moto_jacket_red,38,45,0.38
Clothing,Moto_jacket_red_choker,18,11,0.09
Clothing,Moto_jacket_wht,35,35,0.30
Clothing,Moto_jacket_yellow,21,24,0.20
Clothing,Mourning_cape,31,24,0.20
Clothing,Mourning_cape_blue,21,14,0.12
Clothing,Mourning_cape_yellow,28,28,0.24
Clothing,Mq_blazer,42,33,0.28
Clothing,Mq_blazer_pink,26,29,0.25
Clothing,Mq_blazer_wht,28,39,0.33
Clothing,MS666,23,25,0.21
Clothing,MS885,18,12,0.10
Clothing,MS891,21,29,0.25
Clothing,MS905,15,7,0.06
Clothing,Msgbag_blk_dots_blk,25,26,0.22
Clothing,Msgbag_blk_sleeve_khaki,21,23,0.19
Clothing,Msgbag_blk_tee_wht,15,14,0.12
Clothing,Msgbag_green_dots_blk,21,21,0.18
Clothing,Msgbag_green_dots_green,24,26,0.22
Clothing,Msgbag_green_sleeve_blk,15,14,0.12
Clothing,Msgbag_orange_dots_green,18,16,0.14
Clothing,Msgbag_purple_dots_wht,15,16,0.14
Clothing,Msgbag_purple_sleeve_blk,25,15,0.13
Clothing,Msgbag_wht_dots_blk,13,13,0.11
Clothing,Msgbag_wht_dots_green,25,34,0.29
Clothing,Msg_vest_blk,69,95,0.80
Clothing,Msg_vest_green,79,80,0.68
Clothing,Msg_vest_orange,89,97,0.82
Clothing,National_team_3_cats,46,48,0.41
Clothing,National_team_best11,26,41,0.35
Clothing,National_team_red_cross,46,45,0.38
Clothing,National_team_super_canary,36,45,0.38
Clothing,National_team_the outlaws,42,42,0.36
Clothing,National_team_the victor,26,28,0.24
Clothing,National_team_the_furious,36,36,0.30
Clothing,National_team_whtblue_sky,46,44,0.37
Clothing,OfficerB,18,8,0.07
Clothing,OfficerF_holster,16,23,0.19
Clothing,OfficerG,1,4,0.03
Clothing,OfficerI,1,2,0.02
Clothing,Outlaw_bandit_cape,26,30,0.25
Clothing,Outlaw_poncho,23,26,0.22
Clothing,Paratrooper,32,51,0.43
Clothing,Parvenue_blazer,39,41,0.35
Clothing,Parvenue_msgbag,1,2,0.02
Clothing,Parvenue_msgbag_orange,11,6,0.05
Clothing,Parvenue_msgbag_purple,11,6,0.05
Clothing,Parvenue_msgbag_wht,12,18,0.15
Clothing,Parvenue_shirts,22,32,0.27
Clothing,Pet_surgeon,36,43,0.36
Clothing,Pickpocket_lA,18,15,0.13
Clothing,Pickpocket_london,24,18,0.15
Clothing,Pickpocket_nY,16,18,0.15
Clothing,Pickpocket_paris,21,28,0.24
Clothing,Picnic_capelet,23,16,0.14
Clothing,Pimp_chain_gold,14,4,0.03
Clothing,Pimp_chain_tuxedo_gold,24,18,0.15
Clothing,Plaid_blazer,39,37,0.31
Clothing,Plaid_blazer_bowtie,14,19,0.16
Clothing,Pollock_blk,29,23,0.19
Clothing,Pollock_wht,21,21,0.18
Clothing,Poloneck_blk,48,56,0.47
Clothing,Poloneck_blk_strap,23,28,0.24
Clothing,Poloneck_blue,29,40,0.34
Clothing,Poloneck_pink,38,51,0.43
Clothing,Polo_shirts_blk,46,54,0.46
Clothing,Polo_shirts_blue,44,39,0.33
Clothing,Polo_shirts_green,46,43,0.36
Clothing,Polo_shirts_orange,44,52,0.44
Clothing,Polo_shirts_wht,42,44,0.37
Clothing,Pride_holsters,16,19,0.16
Clothing,Pride_jumpsuit,1,6,0.05
Clothing,Prisoner_jumper,36,50,0.42
Clothing,Prisoner_labor,55,51,0.43
Clothing,Racing_jacket,42,53,0.45
Clothing,Rainjacket_2faces,28,27,0.23
Clothing,Rainjacket_blkT,42,48,0.41
Clothing,Rainjacket_blue,21,30,0.25
Clothing,Rainjacket_blue_detective,14,12,0.10
Clothing,Rainjacket_blue_spy,28,29,0.25
Clothing,Rainjacket_orange_vest,28,34,0.29
Clothing,Rainjacket_tactical,44,57,0.48
Clothing,Rainjacket_whtT,39,47,0.40
Clothing,Red_strap_blue_scarf,22,25,0.21
Clothing,Ripped_bandage,33,34,0.29
Clothing,Ripped_nomad,22,28,0.24
Clothing,Ripped_pimp_chain,28,21,0.18
Clothing,Ripped_silkscarf_skull,48,49,0.41
Clothing,Ripped_sweater,12,21,0.18
Clothing,Ripped_tshirts,38,51,0.43
Clothing,Ripped_yellow_scarf,34,37,0.31
Clothing,Royalmeow_blk,19,27,0.23
Clothing,Royalmeow_wht,21,27,0.23
Clothing,Royalmeow_yellow_scarf,22,22,0.19
Clothing,R_shack,31,41,0.35
Clothing,Sailer_blue,24,30,0.25
Clothing,Sailer_silver,21,27,0.23
Clothing,Sailer_wht,33,31,0.26
Clothing,Sailer_yellow,33,34,0.29
Clothing,Sayonara_kitty_blk,26,29,0.25
Clothing,Sayonara_kitty_pink,28,22,0.19
Clothing,Sayonara_kitty_yellow,11,18,0.15
Clothing,Secret_society_cape,39,40,0.34
Clothing,Secret_society_cape_wht,33,31,0.26
Clothing,Sematary,28,31,0.26
Clothing,Shaman,35,34,0.29
Clothing,Sheriff_ambushed,39,50,0.42
Clothing,Sleeve_bandage,36,34,0.29
Clothing,Sleeve_blk,26,24,0.20
Clothing,Sleeve_cold_wallet_blk,33,40,0.34
Clothing,Sleeve_cold_wallet_green,33,39,0.33
Clothing,Sleeve_cold_wallet_purple,33,36,0.30
Clothing,Spandex_blk,46,40,0.34
Clothing,Spandex_blue,33,21,0.18
Clothing,Spandex_green,28,15,0.13
Clothing,Spandex_pink,34,17,0.14
Clothing,Spiral_red,36,35,0.30
Clothing,Spy_Informal,36,38,0.32
Clothing,Spy_injured,36,28,0.24
Clothing,Spy_spandex,36,44,0.37
Clothing,Spy_spandex_pimp_chain,21,25,0.21
Clothing,Street_bomber,31,28,0.24
Clothing,Street_bomber_eX,46,49,0.41
Clothing,Street_bomber_nFT,56,47,0.40
Clothing,Street_bomber_retail,66,58,0.49
Clothing,Street_bomber_veteran,61,54,0.46
Clothing,Sugar_daddy_green,38,51,0.43
Clothing,Sugar_daddy_pink,36,37,0.31
Clothing,Sugar_daddy_wht,39,53,0.45
Clothing,Sukajan_cMC_blk,43,49,0.41
Clothing,Sukajan_cMC_mint,36,38,0.32
Clothing,Sukajan_cMC_wht,35,39,0.33
Clothing,Sukajan_mamba,31,36,0.30
Clothing,Sukajan_royal_beige,36,55,0.47
Clothing,Sukajan_royal_blk,39,48,0.41
Clothing,Sukajan_spacecat,31,35,0.30
Clothing,Tactical_sleeve_doggy,31,26,0.22
Clothing,Tactical_yellow_scarf,24,20,0.17
Clothing,Tanktop_bandage,31,32,0.27
Clothing,Tanktop_camo,31,23,0.19
Clothing,Tanktop_collar,33,39,0.33
Clothing,Tanktop_ghost,36,39,0.33
Clothing,Tanktop_holsters,36,33,0.28
Clothing,Tanktop_korben,29,33,0.28
Clothing,Tanktop_leeloo,33,33,0.28
Clothing,Tanktop_leeloo_collar,24,29,0.25
Clothing,Tanktop_pimp_chain,23,19,0.16
Clothing,Tanktop_ribbon_lace,32,37,0.31
Clothing,Tanktop_shock,36,28,0.24
Clothing,Tanktop_smile,36,27,0.23
Clothing,Timber_rattle_blue,38,35,0.30
Clothing,Timber_rattle_green,12,21,0.18
Clothing,Timber_rattle_orange,22,35,0.30
Clothing,Timber_rattle_wht,11,23,0.19
Clothing,Toga_blue,29,27,0.23
Clothing,Toga_red,39,50,0.42
Clothing,Toga_wild,46,31,0.26
Clothing,Tracksuits_lemon,24,15,0.13
Clothing,Tracksuits_parsley,24,15,0.13
Clothing,TRY,31,36,0.30
Clothing,Turtleneck_blk_ribbon,21,23,0.19
Clothing,Turtleneck_pink_ribbon,16,11,0.09
Clothing,Turtleneck_pride_blk,28,33,0.28
Clothing,Turtleneck_pride_wht,28,30,0.25
Clothing,Turtleneck_winter,26,28,0.24
Clothing,Turtle_cold_wallet_red,23,21,0.18
Clothing,Tuxedo_blk,39,39,0.33
Clothing,Tuxedo_blk_banner,39,44,0.37
Clothing,Tuxedo_pink,31,41,0.35
Clothing,Tuxedo_wht,38,35,0.30
Clothing,Tuxedo_wht_banner,38,42,0.36
Clothing,T_neck_silkscarf_ghost,34,34,0.29
Clothing,T_neck_strap_wht,24,23,0.19
Clothing,T_neck_strap_yellow,28,32,0.27
Clothing,T_neck_sweater_white_strap_black,23,31,0.26
Clothing,T_neck_sweater_white_strap_pink,48,36,0.30
Clothing,T_neck_sweater_white_strap_yellow,23,12,0.10
Clothing,Upstart_blazer,39,37,0.31
Clothing,Vampire_cape,38,26,0.22
Clothing,Vest_detective,26,40,0.34
Clothing,Vest_detective_blk,36,28,0.24
Clothing,Vest_detective_blue,36,35,0.30
Clothing,Vest_headphones,21,26,0.22
Clothing,Vest_pride_blk,26,26,0.22
Clothing,Vest_royal_blk,26,26,0.22
Clothing,Vest_scarf,21,49,0.41
Clothing,Vest_spandex,36,56,0.47
Clothing,Vest_turtle_blk,36,46,0.39
Clothing,Vest_turtle_blue,36,42,0.36
Clothing,Vest_turtle_pink,36,39,0.33
Clothing,Vneck_bue,58,67,0.57
Clothing,Vneck_green,39,45,0.38
Clothing,Vneck_grey,38,42,0.36
Clothing,Vneck_wht,42,46,0.39
Clothing,Zebra_Cardigan,36,46,0.39
layer,trait,weight,occurrence,ratio
Eyes,Advanced_blue,36,71,0.60
Eyes,Advanced_blue_bruised,27,51,0.43
Eyes,Advanced_green,31,54,0.46
Eyes,Advanced_green_bruised,26,41,0.35
Eyes,Advanced_pink,31,58,0.49
Eyes,Advanced_pink_bruised,18,46,0.39
Eyes,Advanced_yellow,48,77,0.65
Eyes,Albino_bluegreen,55,137,1.16
Eyes,Albino_pinkblue,24,58,0.49
Eyes,Albino_pinkgreen,35,94,0.80
Eyes,Albino_yellowblue,25,70,0.59
Eyes,Albino_yellowgreen,45,120,1.02
Eyes,Albino_yellowpink,33,87,0.74
Eyes,Avoidance,26,42,0.36
Eyes,Awakening_bullish,26,64,0.54
Eyes,Awakening_hammer,46,93,0.79
Eyes,Awakening_uptrend,51,112,0.95
Eyes,Bot_trader_all_in,28,60,0.51
Eyes,Bot_trader_error,28,53,0.45
Eyes,Bot_trader_long,31,50,0.42
Eyes,Bot_trader_short,39,68,0.58
Eyes,Bot_trader_target_locked,34,65,0.55
Eyes,Bought_at_top,48,112,0.95
Eyes,Brain_dead,36,79,0.67
Eyes,Bullflag_blue,88,196,1.66
Eyes,Bullflag_blue_bruised,21,44,0.37
Eyes,Bullflag_green,76,179,1.52
Eyes,Bullflag_pink,68,164,1.39
Eyes,Bullflag_yellow,85,183,1.55
Eyes,Confirmation_bias_bullish,58,132,1.12
Eyes,Confirmation_bias_market_bottom,46,98,0.83
Eyes,Confirmation_bias_trend_reversal,48,116,0.98
Eyes,Confirmation_bias_volatile,68,165,1.40
Eyes,Cult,18,26,0.22
Eyes,Delisting_notice_blue,24,35,0.30
Eyes,Delisting_notice_green,38,60,0.51
Eyes,Delisting_notice_grey,36,63,0.53
Eyes,Dinner_chart_m,26,50,0.42
Eyes,Dinner_chart_t,34,67,0.57
Eyes,Dinner_chart_w,36,81,0.69
Eyes,Doubtful,28,62,0.52
Eyes,Doubtful_albino,18,36,0.30
Eyes,E_frog_acceptance,36,73,0.62
Eyes,E_frog_avoidance,28,53,0.45
Eyes,E_frog_avoidance_yellow,28,59,0.50
Eyes,E_frog_ridiculous,21,46,0.39
Eyes,E_frog_ridiculous_grey,38,78,0.66
Eyes,Faint,34,98,0.83
Eyes,Hammer,56,128,1.08
Eyes,Hanging_man,64,169,1.43
Eyes,Head_n_shoulders,34,56,0.47
Eyes,Hopium_blue,21,36,0.30
Eyes,Hopium_green,28,62,0.52
Eyes,Hopium_red,21,39,0.33
Eyes,Hysteria,44,93,0.79
Eyes,Inverted_hammer,49,102,0.86
Eyes,K_pop_idol,23,54,0.46
Eyes,Longdead,31,67,0.57
Eyes,Longdead_blk,28,73,0.62
Eyes,Longdead_blue,23,51,0.43
Eyes,Longdead_gold,21,54,0.46
Eyes,Longdead_green,26,52,0.44
Eyes,Market_maker_pump,48,122,1.03
Eyes,MDMA_blue_thunder,22,47,0.40
Eyes,MDMA_green_heart,44,91,0.77
Eyes,MDMA_green_needle,24,49,0.41
Eyes,MDMA_green_thunder,38,71,0.60
Eyes,MDMA_needle,24,59,0.50
Eyes,MDMA_red_heart,28,58,0.49
Eyes,MDMA_red_needle,25,60,0.51
Eyes,MDMA_thunder,38,84,0.71
Eyes,MDMA_white_claw,28,56,0.47
Eyes,MDMA_yellow_heart,46,127,1.08
Eyes,Mentat,33,62,0.52
Eyes,Naive,46,89,0.75
Eyes,Narukamoto_formB,36,65,0.55
Eyes,Narukamoto_itachi,38,100,0.85
Eyes,Narukamoto_izuna,39,82,0.69
Eyes,Narukamoto_kakashi,44,92,0.78
Eyes,Narukamoto_madarai,39,84,0.71
Eyes,Narukamoto_sasuke,31,69,0.58
Eyes,Nightwatch_exhausted_blue,28,121,1.02
Eyes,Nightwatch_exhausted_green,58,199,1.68
Eyes,Nightwatch_exhausted_lemon,44,188,1.59
Eyes,Nightwatch_exhausted_pink,44,171,1.45
Eyes,Nightwatch_manipulation,38,110,0.93
Eyes,Nightwatch_no_volume,36,102,0.86
Eyes,Nightwatch_reversal,39,136,1.15
Eyes,Nightwatch_sideways_green,49,146,1.24
Eyes,Nightwatch_sideways_pink,56,148,1.25
Eyes,Noob_blue,88,199,1.68
Eyes,Noob_fear_blue,35,64,0.54
Eyes,Noob_fear_bruised,24,56,0.47
Eyes,Noob_fear_green,36,67,0.57
Eyes,Noob_fear_pink,40,91,0.77
Eyes,Noob_fear_yellow,46,80,0.68
Eyes,Noob_green,82,193,1.63
Eyes,Noob_green_bruised,22,56,0.47
Eyes,Noob_pink,62,205,1.74
Eyes,Noob_yellow,85,248,2.10
Eyes,Noob_yellow_bruised,29,70,0.59
Eyes,Numbness,48,118,1.00
Eyes,Numbness_blue,42,102,0.86
Eyes,Numbness_green,39,72,0.61
Eyes,Obsessions_blue,21,48,0.41
Eyes,Obsessions_green,26,56,0.47
Eyes,Obsessions_red,28,48,0.41
Eyes,Pandemic_dump,15,28,0.24
Eyes,Phantasmagoria,39,83,0.70
Eyes,Phantom_pain,33,85,0.72
Eyes,Piercing_line,58,144,1.22
Eyes,Regretful,15,35,0.30
Eyes,Resentment_green,26,41,0.35
Eyes,Resentment_red,34,55,0.47
Eyes,Resurrections,39,59,0.50
Eyes,Resurrection_acquisition,39,61,0.52
Eyes,Resurrection_leverage,33,68,0.58
Eyes,Resurrection_long,58,111,0.94
Eyes,Resurrection_pump,31,56,0.47
Eyes,Resurrection_short,39,69,0.58
Eyes,Revenge_trader_exit,38,80,0.68
Eyes,Revenge_trader_long,42,71,0.60
Eyes,Revenge_trader_pro,31,61,0.52
Eyes,Revenge_trader_short,33,39,0.33
Eyes,Rigid_blue,36,56,0.47
Eyes,Rigid_green,39,73,0.62
Eyes,Rigid_yellow,33,57,0.48
Eyes,Rocket_science,28,49,0.41
Eyes,Scared,48,122,1.03
Eyes,Shooting_star,48,118,1.00
Eyes,Stoplose_blue,24,37,0.31
Eyes,Stoplose_red,21,38,0.32
Eyes,Stressed,33,66,0.56
Eyes,Super_bullish,18,29,0.25
Eyes,Super_cycle,42,63,0.53
Eyes,Suspicious,42,96,0.81
Eyes,Three_black_crows,39,65,0.55
Eyes,Trend_watch_bruised,34,66,0.56
Eyes,Vshape_recovery,38,63,0.53
Eyes,Winter_is_coming,39,70,0.59
Eyes,Winter_is_here,33,75,0.63
layer,trait,weight,occurrence,ratio
Eyewear,Arrow,36,75,0.63
Eyewear,Arrow_utube,56,85,0.72
Eyewear,Arrow_warning,56,88,0.75
Eyewear,Arrow_waste,56,79,0.67
Eyewear,Beachwear_neon,36,67,0.57
Eyewear,Beachwear_red,36,72,0.61
Eyewear,Goggle_smoke,36,65,0.55
Eyewear,Goggle_snow,28,47,0.40
Eyewear,In_the_zone_exit,34,71,0.60
Eyewear,In_the_zone_fury,42,100,0.85
Eyewear,In_the_zone_long,48,83,0.70
Eyewear,In_the_zone_short,48,85,0.72
Eyewear,Market_scouter,44,61,0.52
Eyewear,Monocle_blind,34,84,0.71
Eyewear,Monocle_gold,34,52,0.44
Eyewear,Monocle_titanium,49,99,0.84
Eyewear,none,4400,0,0.00
Eyewear,Patch_blk_cmc,33,62,0.52
Eyewear,Patch_blk_happysad,28,43,0.36
Eyewear,Patch_blk_heart,44,64,0.54
Eyewear,Patch_blk_shocked,26,42,0.36
Eyewear,Patch_blk_skull,24,43,0.36
Eyewear,Patch_blue_heart,25,47,0.40
Eyewear,Patch_camo,28,41,0.35
Eyewear,Patch_cmc_cat,48,86,0.73
Eyewear,Patch_crying_heart,24,32,0.27
Eyewear,Patch_doggy,28,58,0.49
Eyewear,Patch_happy,34,69,0.58
Eyewear,Patch_leather,24,33,0.28
Eyewear,Patch_red_heart,26,38,0.32
Eyewear,Patch_republica,22,40,0.34
Eyewear,Patch_wht_cross,36,55,0.47
Eyewear,Patch_wht_heart,34,52,0.44
Eyewear,Patch_wht_skull,35,53,0.45
Eyewear,Patch_yellow_heart,36,73,0.62
Eyewear,Retro_gold,26,60,0.51
Eyewear,Retro_silver,39,78,0.66
Eyewear,Round_blk,48,87,0.74
Eyewear,Round_blue,55,93,0.79
Eyewear,Round_pink,55,88,0.75
Eyewear,Round_yellow,35,77,0.65
Eyewear,Safty_goggles,31,64,0.54
Eyewear,Shutter_blk,36,65,0.55
Eyewear,Shutter_blue,36,54,0.46
Eyewear,Shutter_gold,24,48,0.41
Eyewear,Shutter_red,33,55,0.47
Eyewear,Shutter_wht,38,75,0.63
Eyewear,Smart_glasses_wht,39,66,0.56
Eyewear,Smart_glasses_yellow,36,56,0.47
Eyewear,Smart_google,42,56,0.47
Eyewear,Square_blk,26,67,0.57
Eyewear,Square_blue,35,69,0.58
Eyewear,Square_brown,35,54,0.46
Eyewear,Square_wht,24,50,0.42
Eyewear,Undercover_blue,54,91,0.77
Eyewear,Undercover_yellow,58,90,0.76
layer,trait,weight,occurrence,ratio
Mouth,500mg,46,70,0.59
Mouth,Akira,36,44,0.37
Mouth,Bandana_blk,69,120,1.02
Mouth,Bandana_green,79,98,0.83
Mouth,Bandana_red,59,74,0.63
Mouth,Bandana_wht,61,85,0.72
Mouth,Bubble_deathberry,65,85,0.72
Mouth,Bubble_nicotine,33,56,0.47
Mouth,Bubble_pinkberry,39,61,0.52
Mouth,Bubble_zberry,64,92,0.78
Mouth,Bumlord,36,28,0.24
Mouth,Bumlord_cheese,63,69,0.58
Mouth,Bumlord_hummus,74,63,0.53
Mouth,Capitalist_fiat,22,17,0.14
Mouth,Capitalist_full_cigar,33,75,0.63
Mouth,Capitalist_full_cmc_cigar,43,86,0.73
Mouth,Capitalist_full_ecigar,33,64,0.54
Mouth,Capitalist_full_gold,38,54,0.46
Mouth,Capitalist_full_silver,26,51,0.43
Mouth,Capitalist_full_silver_cigar,24,32,0.27
Mouth,Capitalist_full_silver_ecigar,22,53,0.45
Mouth,Capitalist_gold_cigar,39,80,0.68
Mouth,Capitalist_gold_joint,29,61,0.52
Mouth,Capitalist_gold_pipe,34,61,0.52
Mouth,Capitalist_gold_pizza,26,49,0.41
Mouth,Capitalist_gold_pizza_rose,66,77,0.65
Mouth,Capitalist_gold_puff,21,32,0.27
Mouth,Capitalist_round_silver,36,65,0.55
Mouth,Capitalist_satoshi,22,45,0.38
Mouth,Capitalist_silver_pipe,23,53,0.45
Mouth,Capitalist_silver_pizza,26,46,0.39
Mouth,Capitalist_silver_pizza_rose,66,100,0.85
Mouth,Carrot_snake,38,53,0.45
Mouth,Cheese_nosering_green,22,39,0.33
Mouth,Cheese_nosering_orange,21,31,0.26
Mouth,Cheese_nosering_red,18,20,0.17
Mouth,Cheese_nosering_silver,24,34,0.29
Mouth,Cmc_camel_milk,39,54,0.46
Mouth,Cmc_mask_blk,42,69,0.58
Mouth,Cmc_mask_green,34,58,0.49
Mouth,Cmc_mask_orange,38,54,0.46
Mouth,Cmc_mask_pink,31,32,0.27
Mouth,Cmc_mask_red,35,45,0.38
Mouth,Cmc_mask_wht,59,92,0.78
Mouth,Cmc_nrg,26,54,0.46
Mouth,Cucumber_snake,31,40,0.34
Mouth,Deadly_paupie_snake,24,34,0.29
Mouth,Dynamite,39,52,0.44
Mouth,Dynamite_blkkfire,42,46,0.39
Mouth,Er,32,56,0.47
Mouth,Er_clown,11,15,0.13
Mouth,Er_coins,38,55,0.47
Mouth,Er_ETHs,26,40,0.34
Mouth,Er_nosering_carbon,44,67,0.57
Mouth,Er_nosering_gold,22,26,0.22
Mouth,Er_nosering_purple,24,37,0.31
Mouth,Er_nosering_red,24,25,0.21
Mouth,Er_nosering_silver,45,55,0.47
Mouth,Er_strawberry,24,47,0.40
Mouth,E_frog_miserable,28,52,0.44
Mouth,E_frog_speechless,28,44,0.37
Mouth,Fartmask_v1,36,54,0.46
Mouth,Fartmask_v2,64,79,0.67
Mouth,Fartmask_v3,34,43,0.36
Mouth,Fartmask_v4,36,45,0.38
Mouth,Flu,34,56,0.47
Mouth,Glug_mica_green,32,52,0.44
Mouth,Glug_mica_yellow,30,39,0.33
Mouth,Grumpy,58,73,0.62
Mouth,Grumpy_clown,12,18,0.15
Mouth,Grumpy_nosering_carbon,24,33,0.28
Mouth,Grumpy_nosering_gold,22,33,0.28
Mouth,Grumpy_nosering_green,15,19,0.16
Mouth,Grumpy_nosering_orange,25,35,0.30
Mouth,Grumpy_nosering_purple,25,38,0.32
Mouth,Grumpy_nosering_red,38,42,0.36
Mouth,Grumpy_nosering_silver,34,46,0.39
Mouth,Haw_cherry,18,29,0.25
Mouth,Haw_coins,28,48,0.41
Mouth,Haw_nosering_gold,21,31,0.26
Mouth,Haw_nosering_purple,25,36,0.30
Mouth,Haw_nosering_red,25,30,0.25
Mouth,Haw_nosering_silver,35,45,0.38
Mouth,Heck_candy,18,17,0.14
Mouth,Heck_clown,11,16,0.14
Mouth,Homeless_blk_cheese,59,96,0.81
Mouth,Homeless_blk_hummus,36,63,0.53
Mouth,Homeless_blk_pipe,38,71,0.60
Mouth,Homeless_blk_pizza_rose,69,97,0.82
Mouth,Homeless_brown_cheese,49,86,0.73
Mouth,Homeless_brown_hummus,36,52,0.44
Mouth,Homeless_brown_pipe,38,73,0.62
Mouth,Homeless_brown_piuff,28,36,0.30
Mouth,Homeless_brown_pizza_rose,69,95,0.80
Mouth,Homeless_nosering_gold,22,43,0.36
Mouth,Homeless_nosering_green,34,49,0.41
Mouth,Homeless_nosering_puff,28,46,0.39
Mouth,Homeless_nosering_red,18,37,0.31
Mouth,Homeless_pastel_cheese,44,74,0.63
Mouth,Homeless_pastel_hummus,39,68,0.58
Mouth,Homeless_pastel_pipe,38,60,0.51
Mouth,Huh,48,71,0.60
Mouth,Huh_clown,11,20,0.17
Mouth,Huh_coins,28,34,0.29
Mouth,Huh_lollipop,24,29,0.25
Mouth,Huh_nosering_carbon,42,60,0.51
Mouth,Huh_nosering_gold,24,29,0.25
Mouth,Huh_nosering_purple,22,34,0.29
Mouth,Huh_nosering_red,28,41,0.35
Mouth,Huh_nosering_silver,26,50,0.42
Mouth,Huh_satoshi,28,50,0.42
Mouth,Magic_shrooms1,11,16,0.14
Mouth,Magic_shrooms2,11,11,0.09
Mouth,Magic_shrooms3,11,8,0.07
Mouth,Magic_shrooms4,11,16,0.14
Mouth,Magic_shrooms5,1,2,0.02
Mouth,Magic_shrooms6,1,0,0.00
Mouth,Mask_camo,22,34,0.29
Mouth,Mask_dots,26,40,0.34
Mouth,Mask_flower,48,70,0.59
Mouth,Mask_nowar,31,40,0.34
Mouth,Mask_peace,31,50,0.42
Mouth,Mask_skull,36,30,0.25
Mouth,Melting_cheese,46,64,0.54
Mouth,Mesopotamian_blk,33,56,0.47
Mouth,Mesopotamian_brown,38,58,0.49
Mouth,Mesopotamian_eTHs,18,28,0.24
Mouth,Mesopotamian_fiat,21,32,0.27
Mouth,Mesopotamian_hemingway,21,30,0.25
Mouth,Moonbucks,26,43,0.36
Mouth,Nationalist_blk,59,90,0.76
Mouth,Nationalist_blk_pipe,34,56,0.47
Mouth,Nationalist_blk_pizza,33,59,0.50
Mouth,Nationalist_blk_pizza_rose,65,97,0.82
Mouth,Nationalist_grey,46,89,0.75
Mouth,Nationalist_grey_joint,36,92,0.78
Mouth,Nationalist_grey_pipe,25,48,0.41
Mouth,Nationalist_grey_pizza,21,43,0.36
Mouth,Nationalist_grey_pizza_rose,55,88,0.75
Mouth,Nationalist_mint,39,98,0.83
Mouth,Nationalist_mint_pipe,29,64,0.54
Mouth,Nationalist_mint_pizza,23,45,0.38
Mouth,Nationalist_mint_pizza_rose,68,104,0.88
Mouth,Nationalist_nosering_gold,24,58,0.49
Mouth,Nationalist_nosering_purple,24,46,0.39
Mouth,Nationalist_nosering_red,24,50,0.42
Mouth,Nationalist_pink,44,104,0.88
Mouth,Nationalist_pink_joint,38,91,0.77
Mouth,Nationalist_pink_pipe,39,105,0.89
Mouth,Nationalist_pink_pizza,29,55,0.47
Mouth,Nationalist_pink_pizza_rose,55,74,0.63
Mouth,Nervous_bite,75,122,1.03
Mouth,Nervous_bite_chips,34,53,0.45
Mouth,Nervous_bite_eTHs,24,43,0.36
Mouth,Nervous_bite_fiat,22,46,0.39
Mouth,Nervous_bite_satoshi,24,30,0.25
Mouth,Nervous_choke,38,59,0.50
Mouth,Nervous_choke_cherry,24,34,0.29
Mouth,Nervous_choke_coins,28,44,0.37
Mouth,Nuke_blood,36,31,0.26
Mouth,Nuke_nRG,18,29,0.25
Mouth,Oh_clown,1,4,0.03
Mouth,Partisan_cmc_cigar,12,20,0.17
Mouth,Partisan_ecigar,22,42,0.36
Mouth,Partisan_puff,24,38,0.32
Mouth,Pinocchio,55,62,0.52
Mouth,Pipe_herb,36,56,0.47
Mouth,Pizza,36,47,0.40
Mouth,Plague_dr_blk,48,64,0.54
Mouth,Plague_dr_wht,55,66,0.56
Mouth,Rainbow_noodle,46,72,0.61
Mouth,Rapture,58,84,0.71
Mouth,Rapture_fiat,21,37,0.31
Mouth,Rapture_satoshi,28,46,0.39
Mouth,Rough_green_snake,26,49,0.41
Mouth,Royal_mask_blk,36,53,0.45
Mouth,Royal_mask_orange,35,62,0.52
Mouth,Royal_mask_wht,39,65,0.55
Mouth,Scream_candy,18,21,0.18
Mouth,Scream_clown,25,34,0.29
Mouth,Scream_coins,29,44,0.37
Mouth,Smart_chain_snake,34,46,0.39
Mouth,Smooth_love_snake,38,61,0.52
Mouth,Spartan_blk,35,38,0.32
Mouth,Spartan_fiat,22,19,0.16
Mouth,Stansfield,42,60,0.51
Mouth,Taoism_talisman_long,24,36,0.30
Mouth,Taoism_talisman_short,36,46,0.39
Mouth,Tongue_out,58,76,0.64
Mouth,Tongue_out_nosering_carbon,45,52,0.44
Mouth,Tongue_out_nosering_gold,36,57,0.48
Mouth,Tongue_out_nosering_silver,38,63,0.53
Mouth,Tongue_stretch,58,87,0.74
Mouth,Transport,46,81,0.69
Mouth,Transport_clown,18,29,0.25
Mouth,Transport_ecigar,28,39,0.33
Mouth,Transport_hamingway,28,58,0.49
Mouth,Transport_nosering_gold,34,44,0.37
Mouth,Transport_nosering_red,22,27,0.23
Mouth,Transport_nosering_silver,24,28,0.24
Mouth,Veganist_garbaldi,39,81,0.69
Mouth,Veganist_garbaldi_blk_ecigar,39,68,0.58
Mouth,Veganist_garbaldi_cigar,28,70,0.59
Mouth,Veganist_garbaldi_oak_ecigar,23,43,0.36
Mouth,Veganist_garbaldi_orange_joint,18,44,0.37
Mouth,Veganist_hemingway,38,68,0.58
Mouth,Veganist_klingon_blk,31,37,0.31
Mouth,Veganist_mealworm,25,34,0.29
Mouth,Veganist_nicotine,22,40,0.34
Mouth,Veganist_nosering_gold,24,39,0.33
Mouth,Veganist_nosering_purple,34,49,0.41
Mouth,Veganist_oak_nosering_gold,38,71,0.60
Mouth,Veganist_pinkberry,26,37,0.31
Mouth,Veganist_puff,28,57,0.48
Mouth,Vgr,36,52,0.44
Mouth,Vgr_nosering_gold,22,43,0.36
Mouth,Vgr_nosering_silver,22,30,0.25
Mouth,Wuuu,65,107,0.91
Mouth,Wuuu_chips,48,73,0.62
Mouth,Wuuu_coins,21,39,0.33
Mouth,Wuuu_fiat,26,52,0.44
Mouth,Wuuu_lollipop,34,65,0.55
Mouth,Wuuu_nosering_carbon,26,44,0.37
Mouth,Wuuu_nosering_red,38,51,0.43
Mouth,Wuuu_pipe,45,71,0.60
Mouth,Wuuu_pizza,21,31,0.26
Mouth,Xnx,26,35,0.30